,SuperInsulating_01445,Simple 1001,SuperInsulating_00795,DistrictHeating:Facility,DistrictCooling:Facility,Electricity:Facility
0,0.6000000000000001,4.9,0.01,48574327557.59145,21602806038.333958,50452844768.26758
1,0.6000000000000001,4.9,0.108,39019549327.528076,19303564309.722866,50452844768.26758
2,0.6000000000000001,4.9,0.20600000000000002,37630333290.22468,18907974411.253136,50452844768.26758
3,0.6000000000000001,4.9,0.30400000000000005,37073414682.80846,18776299599.629986,50452844768.26758
4,0.6000000000000001,4.9,0.402,36774368956.39525,18655641235.478195,50452844768.26758
5,0.6000000000000001,4.9,0.5,36587837307.57908,18565456875.80659,50452844768.26758
