,SuperInsulating_01445,Simple 1001,SuperInsulating_00795,DistrictHeating:Facility,DistrictCooling:Facility,Electricity:Facility
0,0.30000000000000004,1.6,0.01,50172651185.72289,22200870667.096836,50452844768.26758
1,0.30000000000000004,1.6,0.108,40988239521.703476,20474317226.443974,50452844768.26758
2,0.30000000000000004,1.6,0.20600000000000002,39663767420.49613,20147048807.480133,50452844768.26758
3,0.30000000000000004,1.6,0.30400000000000005,39131779191.759674,19801262791.023014,50452844768.26758
4,0.30000000000000004,1.6,0.402,38845595307.98155,19751237877.31331,50452844768.26758
5,0.30000000000000004,1.6,0.5,38668908102.30475,19561274760.539677,50452844768.26758
