,SuperInsulating_01445,Simple 1001,SuperInsulating_00795,DistrictHeating:Facility,DistrictCooling:Facility,Electricity:Facility
0,0.4,2.5,0.01,49390108390.47011,22000923853.000664,50452844768.26758
1,0.4,2.5,0.108,40030138577.1943,20039480843.29649,50452844768.26758
2,0.4,2.5,0.20600000000000002,38671347422.74134,19673237582.153984,50452844768.26758
3,0.4,2.5,0.30400000000000005,38129740829.50938,19568577144.225674,50452844768.26758
4,0.4,2.5,0.402,37837807651.849556,19302567861.88249,50452844768.26758
5,0.4,2.5,0.5,37655748820.393654,19243925463.848984,50452844768.26758
